zombieArlene,1,1,1,195,715
zombieArleneFeral,0.1,1,31,715,1308
zombieArleneRadiated,0.1,1,103,715,715
zombieMarlene,1,1,1,195,715
zombieMarleneFeral,0.1,1,31,715,1308
zombieMarleneRadiated,0.1,1,103,715,715
zombieJoe,1,1,1,195,715
zombieJoeFeral,0.1,1,31,715,1308
zombieJoeRadiated,0.1,1,103,715,715
zombieSteve,1,1,1,195,715
zombieSteveFeral,0.1,1,31,715,1308
zombieSteveRadiated,0.1,1,103,715,715
zombieTomClark,1,1,1,195,715
zombieTomClarkFeral,0.1,1,31,715,1308
zombieTomClarkRadiated,0.1,1,103,715,715
zombieSpider,1,1,1,195,715
zombieSpiderFeral,0.1,1,31,715,1308
zombieSpiderRadiated,0.1,1,103,715,715
zombieBoe,1,1,1,195,715
zombieBoeFeral,0.1,1,31,715,1308
zombieBoeRadiated,0.1,1,103,715,715
zombieMoe,1,1,1,195,715
zombieMoeFeral,0.1,1,31,715,1308
zombieMoeRadiated,0.1,1,103,715,715
zombieDarlene,1,1,1,195,715
zombieDarleneFeral,0.1,1,31,715,1308
zombieDarleneRadiated,0.1,1,103,715,715
zombieYo,1,1,1,195,715
zombieYoFeral,0.1,1,31,715,1308
zombieYoRadiated,0.1,1,103,715,715
zombieFemaleFat,1,1,1,195,715
zombieFemaleFatFeral,0.1,1,31,715,1308
zombieFemaleFatRadiated,0.1,1,103,715,715
zombieFatHawaiian,1,1,1,195,715
zombieFatHawaiianFeral,0.1,1,31,715,1308
zombieFatHawaiianRadiated,0.1,1,103,715,715
zombieSkateboarder,1,1,1,195,715
zombieSkateboarderFeral,0.1,1,31,715,1308
zombieSkateboarderRadiated,0.1,1,103,715,715
enBiker1,1,1,1,195,715
enBiker1Feral,0.1,1,31,715,1308
enBiker1Radiated,0.1,1,103,715,715
enBiker2,1,1,1,195,715
enBiker2Feral,0.1,1,31,715,1308
enBiker2Radiated,0.1,1,103,715,715
zombieBiker,1,1,1,195,715
zombieBikerFeral,0.1,1,31,715,1308
zombieBikerRadiated,0.1,1,103,715,715
enBusinessman1,1,1,1,195,715
enBusinessman1Feral,0.1,1,31,715,1308
enBusinessman1Radiated,0.1,1,103,715,715
enBusinessman2,1,1,1,195,715
enBusinessman2Feral,0.1,1,31,715,1308
enBusinessman2Radiated,0.1,1,103,715,715
enBusinessman3,1,1,1,195,715
enBusinessman3Feral,0.1,1,31,715,1308
enBusinessman3Radiated,0.1,1,103,715,715
enBusinessman4,1,1,1,195,715
enBusinessman4Feral,0.1,1,31,715,1308
enBusinessman4Radiated,0.1,1,103,715,715
enBusinesswoman1,1,1,1,195,715
enBusinesswoman1Feral,0.1,1,31,715,1308
enBusinesswoman1Radiated,0.1,1,103,715,715
enBusinesswoman2,1,1,1,195,715
enBusinesswoman2Feral,0.1,1,31,715,1308
enBusinesswoman2Radiated,0.1,1,103,715,715
zombieBusinessMan,1,1,1,195,715
zombieBusinessManFeral,0.1,1,31,715,1308
zombieBusinessManRadiated,0.1,1,103,715,715
enDesertCowboy1,1,1,1,195,715
enDesertCowboy1Feral,0.1,1,31,715,1308
enDesertCowboy1Radiated,0.1,1,103,715,715
enDesertCowboy2,1,1,1,195,715
enDesertCowboy2Feral,0.1,1,31,715,1308
enDesertCowboy2Radiated,0.1,1,103,715,715
enDesertCowboy3,1,1,1,195,715
enDesertCowboy3Feral,0.1,1,31,715,1308
enDesertCowboy3Radiated,0.1,1,103,715,715
enDesertCowgirl1,1,1,1,195,715
enDesertCowgirl1Feral,0.1,1,31,715,1308
enDesertCowgirl1Radiated,0.1,1,103,715,715
enDesertCowgirl2,1,1,1,195,715
enDesertCowgirl2Feral,0.1,1,31,715,1308
enDesertCowgirl2Radiated,0.1,1,103,715,715
enDesertFemale1,1,1,1,195,715
enDesertFemale1Feral,0.1,1,31,715,1308
enDesertFemale1Radiated,0.1,1,103,715,715
enDesertFemale2,1,1,1,195,715
enDesertFemale2Feral,0.1,1,31,715,1308
enDesertFemale2Radiated,0.1,1,103,715,715
enDesertFemale3,1,1,1,195,715
enDesertFemale3Feral,0.1,1,31,715,1308
enDesertFemale3Radiated,0.1,1,103,715,715
enDesertFemale4,1,1,1,195,715
enDesertFemale4Feral,0.1,1,31,715,1308
enDesertFemale4Radiated,0.1,1,103,715,715
enDesertMale1,1,1,1,195,715
enDesertMale1Feral,0.1,1,31,715,1308
enDesertMale1Radiated,0.1,1,103,715,715
enDesertMale2,1,1,1,195,715
enDesertMale2Feral,0.1,1,31,715,1308
enDesertMale2Radiated,0.1,1,103,715,715
enDesertMale3,1,1,1,195,715
enDesertMale3Feral,0.1,1,31,715,1308
enDesertMale3Radiated,0.1,1,103,715,715
enDesertMale4,1,1,1,195,715
enDesertMale4Feral,0.1,1,31,715,1308
enDesertMale4Radiated,0.1,1,103,715,715
enDesertMiner1,1,1,1,195,715
enDesertMiner1Feral,0.1,1,31,715,1308
enDesertMiner1Radiated,0.1,1,103,715,715
enDesertMiner2,1,1,1,195,715
enDesertMiner2Feral,0.1,1,31,715,1308
enDesertMiner2Radiated,0.1,1,103,715,715
enDesertMiner3,1,1,1,195,715
enDesertMiner3Feral,0.1,1,31,715,1308
enDesertMiner3Radiated,0.1,1,103,715,715
enDesertOldtimer1,1,1,1,195,715
enDesertOldtimer1Feral,0.1,1,31,715,1308
enDesertOldtimer1Radiated,0.1,1,103,715,715
enDesertSpider,1,1,1,195,715
enDesertSpiderFeral,0.1,1,31,715,1308
enDesertSpiderRadiated,0.1,1,103,715,715
enFarmerFemale1,1,1,1,195,715
enFarmerFemale1Feral,0.1,1,31,715,1308
enFarmerFemale1Radiated,0.1,1,103,715,715
enFarmerFemale2,1,1,1,195,715
enFarmerFemale2Feral,0.1,1,31,715,1308
enFarmerFemale2Radiated,0.1,1,103,715,715
enFarmerFemale3,1,1,1,195,715
enFarmerFemale3Feral,0.1,1,31,715,1308
enFarmerFemale3Radiated,0.1,1,103,715,715
enFarmerMale1,1,1,1,195,715
enFarmerMale1Feral,0.1,1,31,715,1308
enFarmerMale1Radiated,0.1,1,103,715,715
enFarmerMale2,1,1,1,195,715
enFarmerMale2Feral,0.1,1,31,715,1308
enFarmerMale2Radiated,0.1,1,103,715,715
enFootballMale1,1,1,1,195,715
enFootballMale1Feral,0.1,1,31,715,1308
enFootballMale1Radiated,0.1,1,103,715,715
enFootballMale2,1,1,1,195,715
enFootballMale2Feral,0.1,1,31,715,1308
enFootballMale2Radiated,0.1,1,103,715,715
enFootballMale3,1,1,1,195,715
enFootballMale3Feral,0.1,1,31,715,1308
enFootballMale3Radiated,0.1,1,103,715,715
enFootballMale4,1,1,1,195,715
enFootballMale4Feral,0.1,1,31,715,1308
enFootballMale4Radiated,0.1,1,103,715,715
enForestFemale1,1,1,1,195,715
enForestFemale1Feral,0.1,1,31,715,1308
enForestFemale1Radiated,0.1,1,103,715,715
enForestFemale2,1,1,1,195,715
enForestFemale2Feral,0.1,1,31,715,1308
enForestFemale2Radiated,0.1,1,103,715,715
enForestFemale3,1,1,1,195,715
enForestFemale3Feral,0.1,1,31,715,1308
enForestFemale3Radiated,0.1,1,103,715,715
enForestFemale4,1,1,1,195,715
enForestFemale4Feral,0.1,1,31,715,1308
enForestFemale4Radiated,0.1,1,103,715,715
enForestFemale5,1,1,1,195,715
enForestFemale5Feral,0.1,1,31,715,1308
enForestFemale5Radiated,0.1,1,103,715,715
enForestHikerFemale1,1,1,1,195,715
enForestHikerFemale1Feral,0.1,1,31,715,1308
enForestHikerFemale1Radiated,0.1,1,103,715,715
enForestHikerFemale2,1,1,1,195,715
enForestHikerFemale2Feral,0.1,1,31,715,1308
enForestHikerFemale2Radiated,0.1,1,103,715,715
enForestHikerMale1,1,1,1,195,715
enForestHikerMale1Feral,0.1,1,31,715,1308
enForestHikerMale1Radiated,0.1,1,103,715,715
enForestHikerMale2,1,1,1,195,715
enForestHikerMale2Feral,0.1,1,31,715,1308
enForestHikerMale2Radiated,0.1,1,103,715,715
enForestMale1,1,1,1,195,715
enForestMale1Feral,0.1,1,31,715,1308
enForestMale1Radiated,0.1,1,103,715,715
enForestMale2,1,1,1,195,715
enForestMale2Feral,0.1,1,31,715,1308
enForestMale2Radiated,0.1,1,103,715,715
enForestMale3,1,1,1,195,715
enForestMale3Feral,0.1,1,31,715,1308
enForestMale3Radiated,0.1,1,103,715,715
enForestMale4,1,1,1,195,715
enForestMale4Feral,0.1,1,31,715,1308
enForestMale4Radiated,0.1,1,103,715,715
enForestMale5,1,1,1,195,715
enForestMale5Feral,0.1,1,31,715,1308
enForestMale5Radiated,0.1,1,103,715,715
enForestMaleCamo,1,1,1,195,715
enForestMaleCamoFeral,0.1,1,31,715,1308
enForestMaleCamoRadiated,0.1,1,103,715,715
enForestSpider,1,1,1,195,715
enForestSpiderFeral,0.1,1,31,715,1308
enForestSpiderRadiated,0.1,1,103,715,715
enHazmatFemale1,1,1,1,195,715
enHazmatFemale1Feral,0.1,1,31,715,1308
enHazmatFemale1Radiated,0.1,1,103,715,715
enHazmatFemale2,1,1,1,195,715
enHazmatFemale2Feral,0.1,1,31,715,1308
enHazmatFemale2Radiated,0.1,1,103,715,715
enHazmatMale1,1,1,1,195,715
enHazmatMale1Feral,0.1,1,31,715,1308
enHazmatMale1Radiated,0.1,1,103,715,715
enHazmatMale2,1,1,1,195,715
enHazmatMale2Feral,0.1,1,31,715,1308
enHazmatMale2Radiated,0.1,1,103,715,715
enHazmatMale3,1,1,1,195,715
enHazmatMale3Feral,0.1,1,31,715,1308
enHazmatMale3Radiated,0.1,1,103,715,715
zombieMaleHazmat,1,1,1,195,715
zombieMaleHazmatFeral,0.1,1,31,715,1308
zombieMaleHazmatRadiated,0.1,1,103,715,715
enJoggerFemale1,1,1,1,195,715
enJoggerFemale1Feral, 0.10,1,31, 715,1308
enJoggerFemale1Radiated, 0.10,1,103,715,715
enJoggerFemale2,1,1,1,195,715
enJoggerFemale2Feral, 0.10,1,31, 715,1308
enJoggerFemale2Radiated, 0.10,1,103,715,715
enJoggerFemale3,1,1,1,195,715
enJoggerFemale3Feral, 0.10,1,31, 715,1308
enJoggerFemale3Radiated, 0.10,1,103,715,715
enJoggerFemale4,1,1,1,195,715
enJoggerFemale4Feral, 0.10,1,31, 715,1308
enJoggerFemale4Radiated, 0.10,1,103,715,715
enJoggerFemale5,1,1,1,195,715
enJoggerFemale5Feral, 0.10,1,31, 715,1308
enJoggerFemale5Radiated, 0.10,1,103,715,715
enLumberjack1,1,1,1,195,715
enLumberjack1Feral, 0.10,1,31, 715,1308
enLumberjack1Radiated, 0.10,1,103,715,715
enLumberjack2,1,1,1,195,715
enLumberjack2Feral, 0.10,1,31, 715,1308
enLumberjack2Radiated, 0.10,1,103,715,715
zombieLumberjack,1,1,1,195,715
zombieLumberjackFeral, 0.10,1,31, 715,1308
zombieLumberjackRadiated, 0.10,1,103,715,715
enPunkFemale1,1,1,1,195,715
enPunkFemale1Feral, 0.10,1,31, 715,1308
enPunkFemale2,1,1,1,195,715
enPunkFemale2Feral, 0.10,1,31, 715,1308
enPunkFemale3,1,1,1,195,715
enPunkFemale3Feral, 0.10,1,31, 715,1308
enPunkFemale4,1,1,1,195,715
enPunkFemale4Feral, 0.10,1,31, 715,1308
enPunkMale1,1,1,1,195,715
enPunkMale1Feral, 0.10,1,31, 715,1308
enPunkMale2,1,1,1,195,715
enPunkMale2Feral, 0.10,1,31, 715,1308
enPunkMale3,1,1,1,195,715
enPunkMale3Feral, 0.10,1,31, 715,1308
enPunkMale4,1,1,1,195,715
enPunkMale4Feral, 0.10,1,31, 715,1308
enSchoolFemale1,1,1,1,195,715
enSchoolFemale2Feral, 0.10,1,31, 715,1308
enSchoolFemale2Radiated, 0.10,1,103,715,715
enSchoolFemale2,1,1,1,195,715
enSchoolFemale2Feral, 0.10,1,31, 715,1308
enSchoolFemale2Radiated, 0.10,1,103,715,715
enSchoolMale1,1,1,1,195,715
enSchoolMale1Feral, 0.10,1,31, 715,1308
enSchoolMale1Radiated, 0.10,1,103,715,715
enSchoolMale2,1,1,1,195,715
enSchoolMale2Feral, 0.10,1,31, 715,1308
enSchoolMale2Radiated, 0.10,1,103,715,715
enSnowFemale1,1,1,1,195,715
enSnowFemale1Feral, 0.10,1,31, 715,1308
enSnowFemale1Radiated, 0.10,1,103,715,715
enSnowFemale2,1,1,1,195,715
enSnowFemale2Feral, 0.10,1,31, 715,1308
enSnowFemale2Radiated, 0.10,1,103,715,715
enSnowFemale3,1,1,1,195,715
enSnowFemale3Feral, 0.10,1,31, 715,1308
enSnowFemale3Radiated, 0.10,1,103,715,715
enSnowFemale4,1,1,1,195,715
enSnowFemale4Feral, 0.10,1,31, 715,1308
enSnowFemale4Radiated, 0.10,1,103,715,715
enSnowFemale5,1,1,1,195,715
enSnowFemale5Feral, 0.10,1,31, 715,1308
enSnowFemale5Radiated, 0.10,1,103,715,715
enSnowMale1,1,1,1,195,715
enSnowMale1Feral, 0.10,1,31, 715,1308
enSnowMale1Radiated, 0.10,1,103,715,715
enSnowMale2,1,1,1,195,715
enSnowMale2Feral, 0.10,1,31, 715,1308
enSnowMale2Radiated, 0.10,1,103,715,715
enSnowMale3,1,1,1,195,715
enSnowMale3Feral, 0.10,1,31, 715,1308
enSnowMale3Radiated, 0.10,1,103,715,715
enSnowMale4,1,1,1,195,715
enSnowMale4Feral, 0.10,1,31, 715,1308
enSnowMale4Radiated, 0.10,1,103,715,715
enSnowMale5,1,1,1,195,715
enSnowMale5Feral, 0.10,1,31, 715,1308
enSnowMale5Radiated, 0.10,1,103,715,715
enSnowMale6,1,1,1,195,715
enSnowMale6Feral, 0.10,1,31, 715,1308
enSnowMale6Radiated, 0.10,1,103,715,715
enSnowMaleCamo,1,1,1,195,715
enSnowMaleCamoFeral, 0.10,1,31, 715,1308
enSnowMaleCamoRadiated, 0.10,1,103,715,715
enSnowSpider,1,1,1,195,715
enSnowSpiderFeral, 0.10,1,31, 715,1308
enSnowSpiderRadiated, 0.10,1,103,715,715
enUtilityFemale1,1,1,1,195,715
enUtilityFemale1Feral, 0.10,1,31, 715,1308
enUtilityFemale1Radiated, 0.10,1,103,715,715
enUtilityFemale2,1,1,1,195,715
enUtilityFemale2Feral, 0.10,1,31, 715,1308
enUtilityFemale2Radiated, 0.10,1,103,715,715
enUtilityMale1,1,1,1,195,715
enUtilityMale1Feral, 0.10,1,31, 715,1308
enUtilityMale1Radiated, 0.10,1,103,715,715
enUtilityMale2,1,1,1,195,715
enUtilityMale2Feral, 0.10,1,31, 715,1308
enUtilityMale2Radiated, 0.10,1,103,715,715
enUtilityMale3,1,1,1,195,715
enUtilityMale3Feral, 0.10,1,31, 715,1308
enUtilityMale3Radiated, 0.10,1,103,715,715
enUtilityMale4,1,1,1,195,715
enUtilityMale4Feral, 0.10,1,31, 715,1308
enUtilityMale4Radiated, 0.10,1,103,715,715
enUtilityMale5,1,1,1,195,715
enUtilityMale5Feral, 0.10,1,31, 715,1308
enUtilityMale5Radiated, 0.10,1,103,715,715
zombieUtilityWorker,1,1,1,195,715
zombieUtilityWorkerFeral, 0.10,1,31, 715,1308
zombieUtilityWorkerRadiated, 0.10,1,103,715,715
enWastelandFemale1,1,1,1,195,715
enWastelandFemale1Feral, 0.10,1,31, 715,1308
enWastelandFemale1Radiated, 0.10,1,103,715,715
enWastelandFemale2,1,1,1,195,715
enWastelandFemale2Feral, 0.10,1,31, 715,1308
enWastelandFemale2Radiated, 0.10,1,103,715,715
enWastelandFemale3,1,1,1,195,715
enWastelandFemale3Feral, 0.10,1,31, 715,1308
enWastelandFemale3Radiated, 0.10,1,103,715,715
enWastelandFemaleCrazy,1,1,1,195,715
enWastelandFemaleCrazyFeral, 0.10,1,31, 715,1308
enWastelandFemaleCrazyRadiated, 0.10,1,103,715,715
enWastelandMale1,1,1,1,195,715
enWastelandMale1Feral, 0.10,1,31, 715,1308
enWastelandMale1Radiated, 0.10,1,103,715,715
enWastelandMale2,1,1,1,195,715
enWastelandMale2Feral, 0.10,1,31, 715,1308
enWastelandMale2Radiated, 0.10,1,103,715,715
enWastelandMale3,1,1,1,195,715
enWastelandMale3Feral, 0.10,1,31, 715,1308
enWastelandMale3Radiated, 0.10,1,103,715,715
enWastelandMaleCrazy,1,1,1,195,715
enWastelandMaleCrazyFeral, 0.10,1,31, 715,1308
enWastelandMaleCrazyRadiated, 0.10,1,103,715,715
enWastelandSpider,1,1,1,195,715
enWastelandSpiderFeral, 0.10,1,31, 715,1308
enWastelandSpiderRadiated, 0.10,1,103,715,715
enWildlingFemale1,1,1,1,195,715
enWildlingFemale1Feral, 0.10,1,31, 715,1308
enWildlingFemale1Radiated, 0.10,1,103,715,715
enSpider196,1,1,1,195,715
enSpider196Feral, 0.10,1,31, 715,1308
enSpider196Radiated, 0.10,1,103,715,715
enSpiderTom,1,1,1,195,715
enSpiderTomFeral, 0.10,1,31, 715,1308
enSpiderTomRadiated, 0.10,1,103,715,715
khzAiden,1,1,1,195,715
khzChang,1,1,1,195,715
khzCharlotte,1,1,1,195,715
khzCharlotteFeral, 0.10,1,31,715,1308
khzClint,1,1,1,195,715
khzEmma,1,1,1,195,715
khzEmmaFeral, 0.10,1,31,715,1308
khzGabrielle,1,1,1,195,715
khzGrace,1,1,1,195,715
khzHank,1,1,1,195,715
khzHelen,1,1,1,195,715
khzJack,1,1,1,195,715
khzJeff,1,1,1,195,715
khzMaria,1,1,1,195,715
khzMariaFeral,0.1,1,31,715,1308
khzMiguel, 0.10,1,1,195,715
khzMiguelFeral,0.1,1,31,715,1308
khzRayah, 0.10,1,1,195,1308
khzRichie,1,1,1,195,715
khzRoxy,1,1,1,195,715
khzVince,1,1,1,195,715
khzWillie,1,1,1,195,715
zombieFatCop,0.1,1,1,195,715
zombieFatCopFeral, 0.10,1,31, 715,1308
zombieFatCopRadiated, 0.10,1,103,715,715
enSoldierFemale1,0.1,1,1,195,715
enSoldierFemale1Feral, 0.10,1,31, 715,1308
enSoldierFemale1Radiated, 0.10,1,103,715,715
enSoldierFemale2,0.1,1,1,195,715
enSoldierFemale2Feral, 0.10,1,31, 715,1308
enSoldierFemale2Radiated, 0.10,1,103,715,715
enSoldierMale1,0.1,1,1,195,715
enSoldierMale1Feral, 0.10,1,31, 715,1308
enSoldierMale1Radiated, 0.10,1,103,715,715
enSoldierMale2,0.1,1,1,195,715
enSoldierMale2Feral, 0.10,1,31, 715,1308
enSoldierMale2Radiated, 0.10,1,103,715,715
enStealthMale1,0.1,1,1,195,715
enStealthMale1Feral, 0.10,1,31, 715,1308
enStealthMale1Radiated, 0.10,1,103,715,715
zombieSoldier,0.1,1,1,195,715
zombieSoldierFeral, 0.10,1,31, 715,1308
zombieSoldierRadiated, 0.10,1,103,715,715
enSoldier196,0.1,1,1,195,715
enSoldier196Feral, 0.10,1,31, 715,1308
enSoldier196Radiated, 0.10,1,103,715,715
enSwatMale1,0.1,1,1,195,715
enSwatMale1Feral, 0.10,1,31, 715,1308
enSwatMale1Radiated, 0.10,1,103,715,715
enSwatMale2,0.1,1,1,195,715
enSwatMale2Feral, 0.10,1,31, 715,1308
enSwatMale2Radiated, 0.10,1,103,715,715
enSwatMale3,0.1,1,1,195,715
enSwatMale3Feral, 0.10,1,31, 715,1308
enSwatMale3Radiated, 0.10,1,103,715,715
animalZombieVulture,0.1,5,40,304,715
animalZombieVultureRadiated,0.1,8,127,715,715
animalZombieDog,0.1,10,1,715,715
zombieDemolition,0.1,10,103,715,715
,,,,,
1,,,,,
2,,,,,
4,,,,,
7,,,,,
10,,,,,
13,,,,,
16,,,,,
19,,,,,
23,,,,,
27,,,,,
31,,,,,
35,,,,,
40,,,,,
44,,,,,
49,,,,,
54,,,,,
59,,,,,
64,,,,,
69,,,,,
74,,,,,
80,,,,,
85,,,,,
91,,,,,
97,,,,,
103,,,,,
109,,,,,
115,,,,,
121,,,,,
127,,,,,
133,,,,,
140,,,,,
147,,,,,
153,,,,,
160,,,,,
167,,,,,
174,,,,,
181,,,,,
188,,,,,
195,,,,,
202,,,,,
210,,,,,
217,,,,,
225,,,,,
232,,,,,
240,,,,,
247,,,,,
255,,,,,
263,,,,,
271,,,,,
279,,,,,
287,,,,,
295,,,,,
304,,,,,
312,,,,,
320,,,,,
329,,,,,
337,,,,,
346,,,,,
354,,,,,
363,,,,,
372,,,,,
381,,,,,
389,,,,,
398,,,,,
407,,,,,
417,,,,,
426,,,,,
435,,,,,
444,,,,,
453,,,,,
463,,,,,
472,,,,,
482,,,,,
491,,,,,
501,,,,,
510,,,,,
520,,,,,
530,,,,,
540,,,,,
550,,,,,
560,,,,,
570,,,,,
580,,,,,
590,,,,,
600,,,,,
610,,,,,
620,,,,,
631,,,,,
641,,,,,
651,,,,,
662,,,,,
672,,,,,
683,,,,,
693,,,,,
704,,,,,
715,,,,,
726,,,,,
736,,,,,
747,,,,,
758,,,,,
769,,,,,
780,,,,,
791,,,,,
802,,,,,
813,,,,,
824,,,,,
836,,,,,
847,,,,,
858,,,,,
870,,,,,
881,,,,,
893,,,,,
904,,,,,
916,,,,,
927,,,,,
939,,,,,
951,,,,,
962,,,,,
974,,,,,
986,,,,,
998,,,,,
1010,,,,,
1022,,,,,
1034,,,,,
1046,,,,,
1058,,,,,
1070,,,,,
1082,,,,,
1094,,,,,
1106,,,,,
1119,,,,,
1131,,,,,
1143,,,,,
1156,,,,,
1168,,,,,
1181,,,,,
1193,,,,,
1206,,,,,
1218,,,,,
1231,,,,,
1244,,,,,
1256,,,,,
1269,,,,,
1282,,,,,
1295,,,,,
1308,,,,,
1321,,,,,
1334,,,,,
1347,,,,,
1360,,,,,
1373,,,,,
1386,,,,,
1399,,,,,
1412,,,,,
1425,,,,,
1439,,,,,
1452,,,,,
1465,,,,,
1479,,,,,
1492,,,,,
1506,,,,,
1519,,,,,
1533,,,,,
1546,,,,,
1560,,,,,
1573,,,,,
1587,,,,,
1601,,,,,
1614,,,,,
1628,,,,,
1642,,,,,
1656,,,,,
1670,,,,,
1684,,,,,
1698,,,,,
1712,,,,,
1726,,,,,
1740,,,,,
1754,,,,,
1768,,,,,
1782,,,,,
1796,,,,,
1811,,,,,
1825,,,,,
1839,,,,,
1853,,,,,
1868,,,,,
1882,,,,,
1897,,,,,
1911,,,,,
1926,,,,,
1940,,,,,
1955,,,,,
1969,,,,,
1984,,,,,
1999,,,,,
2013,,,,,
2028,,,,,
2043,,,,,
2058,,,,,
2073,,,,,
2087,,,,,
2102,,,,,
2117,,,,,
2132,,,,,
2147,,,,,
2162,,,,,
2177,,,,,
2192,,,,,
2207,,,,,
2223,,,,,
2238,,,,,
2253,,,,,
2268,,,,,
2284,,,,,
2299,,,,,
2314,,,,,
2330,,,,,
2345,,,,,
2360,,,,,
2376,,,,,
2391,,,,,
2407,,,,,
2423,,,,,
2438,,,,,
2454,,,,,
2469,,,,,
2485,,,,,
2501,,,,,
2517,,,,,
2532,,,,,
2548,,,,,
2564,,,,,
2580,,,,,
2596,,,,,
2612,,,,,
2628,,,,,
2644,,,,,
2660,,,,,
2676,,,,,
2692,,,,,
2708,,,,,
2724,,,,,
2740,,,,,
2756,,,,,
2772,,,,,
2789,,,,,
2805,,,,,
2821,,,,,
2838,,,,,
2854,,,,,
2870,,,,,
2887,,,,,
2903,,,,,
2920,,,,,
2936,,,,,
2953,,,,,
2969,,,,,
2986,,,,,
3003,,,,,
3019,,,,,
3036,,,,,
3053,,,,,
3069,,,,,
3086,,,,,
3103,,,,,
3120,,,,,
3136,,,,,
3153,,,,,
3170,,,,,
3187,,,,,
3204,,,,,
3221,,,,,
3238,,,,,
3255,,,,,
3272,,,,,
3289,,,,,
3306,,,,,
3324,,,,,
3341,,,,,
3358,,,,,
3375,,,,,
3392,,,,,
3410,,,,,
3427,,,,,
3444,,,,,
3462,,,,,
3479,,,,,
3496,,,,,
3514,,,,,
3531,,,,,
3549,,,,,
3566,,,,,
3584,,,,,
3601,,,,,
3619,,,,,
3637,,,,,
3654,,,,,
3672,,,,,
3690,,,,,
3707,,,,,
3725,,,,,
3743,,,,,
3761,,,,,
3779,,,,,
3796,,,,,
3814,,,,,
3832,,,,,
3850,,,,,
3868,,,,,
3886,,,,,
3904,,,,,
3922,,,,,
3940,,,,,
3958,,,,,
3976,,,,,
3995,,,,,
4013,,,,,
4031,,,,,
4049,,,,,
4067,,,,,
4086,,,,,
